﻿Designator,Footprint,Quantity,Value,LCSC Part #
"_4, _3, _2, ",cff1acbe-8575-4a5e-a277-d1017dfb92bb,4,,
"C1, C2",0805,2,10uf,
"C10, C11, C18, C19, C8",0805,5,100nf,
"C12, C13",CP_EIA-3216-10_Kemet-I_Pad1.58x1.35mm_HandSolder,2,3.3uf/16v,
"C14, C15",0805,2,22pf,
"C16, C17",0805,2,47pf,
"C3, C4",0805,2,"0,1uf",
"C5, C6",0805,2,1uf,
C7,CP_EIA-3216-10_Kemet-I_Pad1.58x1.35mm_HandSolder,1,4.7uf/16v,
C9,0805,1,0.1uf,
"D1, D2",0805,2,LED,
J1,USB_Micro-B_Amphenol_10118193-0001LF_Horizontal,1,USB_B_Micro,
J2,PinSocket_1x05_P2.54mm_Vertical,1,Conn_01x05_Pin,
J3,PinHeader_1x04_P2.54mm_Vertical,1,Conn_01x04_Pin,
J4,PinHeader_2x03_P2.54mm_Vertical,1,Conn_02x03_Odd_Even,
J5,PinHeader_1x12_P2.54mm_Vertical,1,Conn_01x12_Pin,
"J6, J7",SMA_Amphenol_901-143_Horizontal,2,Conn_Coaxial,
"Q1, Q2",SOT-23,2,BSS138,
"R1, R2, R3, R4",0805,4,10K,
"R10, R9",0805,2,47,
"R5, R6, R7, R8",0805,4,1K,
U1,MSOP-10_3x3mm_P0.5mm,1,Si5351A-B-GT,
U2,SOT-23-5,1,AP2127K-3.3,
U3,TQFP-32_7x7mm_P0.8mm,1,ATmega328P-AU,
U4,TO-220-3_Horizontal_TabDown,1,L7805,
U5,SSOP-28_5.3x10.2mm_P0.65mm,1,FT232RNL,
Y1,Crystal_SMD_3225-4Pin_3.2x2.5mm_HandSoldering,1,ABM8G-25.000MHZ-4Y-T3,
Y2,Crystal_SMD_3225-4Pin_3.2x2.5mm_HandSoldering,1,ABM8G-16.000MHZ-4Y-T3,
